Nike Roshe One Essential iD,$95
Nike Air Huarache Essential iD,$130
Nike Sock Dart iD,$170
Nike DualTone Racer iD,$130
Nike Air Max 90 Ultra 2.0 Flyknit iD,$165
Nike Air Force 1 Low Essential iD,$135
Nike Air Presto iD,$160
Nike Internationalist iD,$125
Nike Air Max 90 Essential iD,$145
Nike Air Max Zero iD,$190
Nike Air Max LD-Zero iD,$220
Converse Custom Justice League High Top,$85
Nike Roshe Two iD,$140
Nike Dunk High iD,$115
Nike Dunk Low iD,$105
Nike Roshe Two Flyknit iD,$150
Nike SB Stefan Janoski Max iD,$130
Converse Custom Chuck Taylor Premium Leather High Top,$100
Converse Custom Chuck Taylor Premium Leather Low Top,$100
Converse Custom Chuck Taylor All Star Low Top,$75
Converse Custom Chuck Taylor All Star Low Top,$75
Converse Custom Chuck Taylor All Star High Top,$75
Converse Custom Chuck Taylor All Star High Top,$75
Nike Air Max 95 iD,$200
Converse Custom One Star Suede,$100
Converse Custom One Star Suede,$100
Converse Custom One Star Suede,$100
Converse Custom Breakpoint Ox,$85
Converse Custom Breakpoint Ox,$85
Converse Custom Breakpoint Ox,$85
Nike Air Max 1 Essential iD,$150
Converse Custom Chuck Taylor All Star Slip Low Top,$75
Converse Custom Chuck Taylor All Star Slip Low Top,$75
Converse Custom Chuck Taylor All Star Slip Low Top,$75
Converse Custom Jack Purcell Premium Leather Low Top,$100
Converse Custom Pro Leather Mid Top,$100
Converse Custom Chuck Taylor All Star '70 Leather/Pony Hair High Top,$150
Converse Custom Chuck Taylor All Star '70 Leather/Pony Hair Low Top,$150
Converse Custom Chuck Taylor All Star '70 Suede High Top,$120
Converse Custom Chuck Taylor All Star '70 Suede Low Top,$120
Converse Custom Pro Leather Mid Top,$100
Converse Custom Pro Leather Ox,$100
Converse Custom Pro Leather Ox,$100
Converse Custom Jack Purcell Premium Leather Mid Top,$100
Converse Custom One Star All Over Perforated Leather Low Top,$100
Converse Custom One Star All Over Perforated Leather Low Top,$100
Converse Custom Holiday High Top,$85
Converse Custom Holiday Low Top,$85
